item,influence
达摩院_基础视觉智能团队,1.0
基于多模态的视觉生成技术,1.0
湖南大学,1.0
分子图像的无监督学习框架,1.0
艾名医学,1.0
类器官,1.0
百炼智能,1.0
B2B_智能营销,1.0
亮道智能,1.0
纯固态激光雷达,1.0
语义可解释人工智能,1.0
semantic_explainable_AI_S_XAI,1.0
哈工大,1.0
掩码模型重排序策略,1.0
飞凡,1.0
电池日租服务,1.0
谭本宏,1.0
阿维塔,1.0
SANCUS,1.0
分布式图神经网络训练,1.0
美国橡树岭国家实验室,1.0
Frontier,1.0
高盛资产管理公司,1.0
Fortanix,1.0
忆海原识,1.0
类脑计算平台,1.0
富士康,1.0
纳智捷n电动SUV,1.0
富驰高科,1.0
零部件外观质检,1.0
合合信息,1.0
智能文字识别,1.0
Datawhale,1.0
上海市人工智能行业协会,1.0
实在智能,1.0
用户追踪,1.0
卡耐基梅隆大学,1.0
快速知识蒸馏,1.0
T_Mobile,1.0
Sprint,1.0
芯来科技,1.0
RISC_V,1.0
加州大学,1.0
基于电阻随机存取存储器的内存计算芯片,1.0
Patrick_Collison,1.0
Stripe,1.0
Tobi_Lutke,1.0
Shopify,1.0
业务的管理,1.0
智能自动化技术,1.0
宓群,1.0
光速中国,1.0
全栅极场效应晶体管,1.0
GAAFET,1.0
西瓜视频,1.0
火山引擎,1.0
李大海,1.0
知乎,1.0
小视科技,1.0
城市AI中枢,1.0
信息分发平台,1.0
算法推荐,1.0
联合图像专家组,1.0
AI标准平台提案,1.0
格物钛,1.0
复杂数据管理,1.0
袁进辉,1.0
一流科技,1.0
杨耀东,1.0
英国伦敦大学国王学院,1.0
大数据技术架构,1.0
湖仓一体,1.0
RNA_foundation_model,1.0
RNA_FM,1.0
_S10,1.0
个高稀疏率AI计算,1.0
达梦数据,1.0
国产数据库,1.0
Kyligence,1.0
数据赋能,1.0
NIMBLE,1.0
参数化手部模型,1.0
深演智能,1.0
AlphaData_MA2_0版本,1.0
生成方法级代码,1.0
aiXcoder_XL,1.0
智能扫地机器人,1.0
LDS,1.0
Aaronson,1.0
防止_AI_失控,1.0
灵动微,1.0
MM32F5系列MCU,1.0
大界,1.0
工业臂,1.0
智己,1.0
L7,1.0
智已,1.0
IMAD系统,1.0
捷象灵越,1.0
无人叉车,1.0
许锦波,1.0
蛋白逆折叠深度学习框架,1.0
纳芯微,1.0
集成电路,1.0
肖明庆,1.0
南伊利诺伊大学卡本代尔分校,1.0
王晓岸,1.0
脑陆科技,1.0
王阳,1.0
天演资本,1.0
王轩泽,1.0
创材深造,1.0
华硕,1.0
RTX_30,1.0
法拉利,1.0
电动车,1.0
体素科技,1.0
视杯盘分割,1.0
天津大学,1.0
异质图神经网络新架构,1.0
DeepWay,1.0
干线物流,1.0
骆利群,1.0
神经环路架构,1.0
耶路撒冷希伯来大学,1.0
神经元的计算复杂度,1.0
合肥欣奕华,1.0
泛半导体高端装备,1.0
李昀,1.0
南大,1.0
广东工业大学,1.0
双足机器人,1.0
James_Long,1.0
absurd_sql,1.0
同态加密算法硬件加速方案,1.0
FPGA,1.0
Bilibili,1.0
_Dota2_影魔_solo_智能体,1.0
巴塞罗那生物医学研究所,1.0
BoostDM,1.0
元气森林,1.0
智能联网冰柜,1.0
RIOS,1.0
RISC_V_开源指令架构,1.0
星猿哲科,1.0
机器人手眼协调,1.0
森亿智能,1.0
智能医疗,1.0
DataWorks,1.0
数据开发治理,1.0
小库科技,1.0
建筑智能,1.0
吴中勤,1.0
好未来集团,1.0
_Giacomo_Indiveri,1.0
类脑芯片,1.0
Yroam_Singer,1.0
普林斯顿大学,1.0
AliCloudDenoise_语音增强算法,1.0
实时会议系统,1.0
RNN,1.0
生物医学全息成像,1.0
威马汽车,1.0
无人泊车,1.0
新药开发,1.0
_3D生物打印,1.0
三维组织支架,1.0
_3D_生物打印,1.0
Jeff_Dean,1.0
AI设计芯片,1.0
法拉第,1.0
FF91,1.0
_M1_芯片,1.0
Arm_架构,1.0
Hector_Martin,1.0
Ashai_Linux,1.0
医渡云,1.0
多方安全计算,1.0
模型部署,2.25
公共算法库,2.25
MindOS平台,2.25
心识框架AI技术,2.25
患者护理,2.25
人工智能技术,2.25
Tissue_AdaPtive_autoEncoder,2.25
深度学习方法,2.25
大模型训练,2.25
Scaling_and_Shifting_Your_Features,2.25
刘世林,2.25
多模态训练数据的处理,2.25
玩美移动,2.25
ARplusAI,2.25
华控清交,2.25
隐匿查询,2.25
Spiny_ai,2.25
数字出版,2.25
凯迪拉克,2.25
通用Super_Cruise超级智能驾驶系统,2.25
拿铁PHEV,2.25
摩卡PHEV,2.25
索尼,2.25
EV,2.25
清洁机器人,2.25
Neo_2,2.25
CTC电池底盘一体化,2.25
C01,2.25
邢波,2.25
默罕默德___本___扎耶德人工智能大学,2.25
LAVIS,2.25
一站式视觉语言学习框架,2.25
ZyvexLitho1,2.25
光刻系统,2.25
Quoc_Le,2.25
识别猫,2.25
AI双语单词卡K11,2.25
K11,2.25
裕隆汽车,2.25
n电动SUV,2.25
自动驾驶仿真系统,2.25
摩卡DHT_PHEV激光雷达版,2.25
城市NOH,2.25
SE,2.25
代码补全建议,2.25
Linus_Torvalds,2.25
_Arm_笔记本电脑,2.25
YLearn因果学习,2.25
刘永灼,2.25
恒驰5,2.25
DC_Brain系统,2.25
DC_Brain智慧化运营管理系统,2.25
Wayfair,2.25
自动驾驶半挂卡车,2.25
中集,2.25
数字化员工安全,2.25
_3D捏脸,2.25
NAWA_Engine,2.25
大数据平台TDH,2.25
大数据服务,2.25
NIST,2.25
脉冲神经网络,2.25
Lambda,2.25
Lambda_TensorBook,2.25
美国国家可再生能源实验室,2.25
热光伏发电,2.25
中银投,2.25
首程资本,2.25
华虹半导体,2.25
刻蚀机,2.25
朱小强,2.25
热力引擎,2.25
半导体封装设备,2.25
半导体IC球焊设备,2.25
视觉_语言表征学习,2.25
小样本学习,2.25
关节刚体模拟,2.25
拉格朗日动力学,2.25
牛津大学,2.25
梯度下降复杂度理论,2.25
高性能计算,2.25
高性能算法,2.25
网络剪枝,2.25
结构搜索框架,2.25
_Sujal_Patel,2.25
蛋白质的深入解析,2.25
朱俊彦,2.25
张霖涛,2.25
隐私安全计算,2.25
Jean_Louis_Constanza,2.25
外骨骼制造,2.25
RIOS实验室,2.25
RISC_V_国际开源__RIOS__实验室,2.25
AI促进癌症精准医疗,2.25
类器官技术平台,2.25
自主感知,2.25
机器人柔性操作,2.25
计算机芯片,2.25
电池制造,2.25
经典计算机,2.25
量子计算机,2.25
方磊,2.25
北京天坛医院,2.25
新药靶点发现,2.25
中国算力网络,2.611111111111111
沈阳昇腾人工智能生态创新中心,2.611111111111111
无监督目标级表征学习,2.611111111111111
秦吉波,2.611111111111111
图文音三模态预训练模型,2.611111111111111
子监督学习框架,2.611111111111111
FlagAI_飞智开源项目,2.9722222222222223
集成多尺度深度学习预测器,2.9722222222222223
iToF,2.9722222222222223
Zero,2.9722222222222223
生成式梯度泄露方法,2.9722222222222223
PINN,2.9722222222222223
AI创业,3.1319444444444446
浩瀚_M架构,3.1458333333333335
_8155,3.1458333333333335
智能割草机器人Navimow,3.3194444444444446
游戏软件,3.453333333333333
智能语音交互,3.5
AI数据平台,3.5
AI数据服务,3.5
Annotator,3.5
KWeaver,3.5
免费标注平台,3.5
BMW_i,3.5
燃料电池系统,3.5
中华,3.5
广东省养老服务业协会,3.5
深圳市人工智能产业协会,3.5
上海市养老服务行业协会,3.5
丁杨,3.5
网络安全,3.5
数据分析,3.5
高性能隐私计算,3.5
高性能算力,3.5
联邦学习可信验证框架,3.5
江苏省人工智能学会,3.5
上海数字大脑研究院,3.5
强化学习落地,3.5
机器视觉算法平台,3.5
成像系统设计规范,3.5
Vision系列软件,3.5
超对称,3.5
乾元,3.5
BigBang_Transformer,3.5
恩和生物,3.5
智化科技,3.5
昱言生物,3.5
张铁林,3.5
徐波,3.5
奖赏传播算法,3.5
吴斐,3.5
AR助听眼镜,3.5
AR透明光波导眼镜,3.5
图神经网络库,3.5
异构图,3.5
GraphGym,3.5
智能融合型DSP芯片,3.5
高性能领域DSP芯片,3.5
DSP芯片,3.5
波士顿动力,3.5
感知算法,3.5
规划地图,3.5
Samuel_Geisberg,3.5
PTC,3.5
参数设计,3.5
悉尼大学,3.5
量子错误,3.5
量子计算机错误,3.5
慕尼黑工业大学,3.5
高精度手部重建系统,3.5
深度学习云算法,3.5
瑞士联邦理工学院,3.5
最小状态空间,3.5
材料建模,3.5
ERICA,3.5
RoBERTa,3.5
BERT,3.5
运动计划器,3.5
硬件设计,3.5
控制算法,3.5
Generator_Teacher_Student,3.680555555555556
Advanced_Assistant_Driving_高阶辅助驾驶系统,3.6944444444444446
多语言文图生成模型,3.861111111111111
多语言多模态表征模型,3.861111111111111
工具库,3.861111111111111
数值算法,3.861111111111111
多尺度深度学习模型,3.861111111111111
RNA_甲基化位点预测,3.861111111111111
dToF,3.861111111111111
Lidar,3.861111111111111
R2D2,3.861111111111111
Zero_Corpus_数据集,3.861111111111111
偏微分方程,3.861111111111111
布朗大学,3.861111111111111
YMIR,4.0
心识宇宙,4.0
Tempus,4.0
TAPE,4.0
SSF,4.0
倍赛科技,4.0
美妆,4.0
半同态__计算芯片,4.0
AI助手,4.0
CT6,4.0
魏牌,4.0
本田,4.0
Avidbots,4.0
零跑,4.0
MBZUAI,4.0
Salesforce,4.0
Zyvex_Labs,4.0
吴恩达,4.0
如布,4.0
纳智捷,4.0
GAN模型,4.0
中国量产城市智能辅助驾驶系统,4.0
语义引擎,4.0
Linux_kernel_5_19_更新,4.0
九章云极,4.0
恒驰,4.0
普洛斯,4.0
Waymo,4.0
_360OS,4.0
Soul,4.0
星环科技,4.0
Shainline,4.0
雷蛇,4.0
麻省理工学院,4.0
毫末智行,4.0
中微,4.0
汇量科技,4.0
凌波微步,4.0
琥珀,4.0
可微分物理引擎,4.0
利物浦大学,4.0
美国能源部,4.0
NPAS,4.0
Nautilus,4.0
翼方健数,4.0
Wandercraft,4.0
谭章熹,4.0
Xilis,4.0
XYZ_Robotics,4.0
半导体分层技术,4.0
变分量子特征求解器,4.0
王拥军,4.0
合成生物学,4.055555555555555
M_Vision,4.222222222222221
送物机器人,4.395833333333333
送餐机器人,4.395833333333333
数智化经营,4.416666666666666
赛格威智能割草机器人,4.583333333333333
IronSource,4.743055555555555
鹏城实验室,4.75
华南理工大学,4.75
香港理工大学,4.75
三维模型风格化方法,4.75
全文检索,4.75
简繁转换,4.75
原本影像对照,4.75
注疏辅助,4.75
语音检测,4.75
语音处理微型芯片,4.75
NeuroVoice,4.75
语音提取,4.75
H6,4.75
H6超级混动DHT,4.75
第三代H6_DHT_PHEV插电混动版,4.75
H_DOG,4.75
自动驾驶数据服务,4.75
辰韬资本,4.75
三一集团,4.75
溪山天使汇,4.75
机甲龙EVA限定版,4.75
机甲龙,4.75
机甲龙重装概念版,4.75
机甲龙全球限量版,4.75
时空数据管理,4.75
视频智能分析,4.75
自主可控AI平台,4.75
AI中台,4.75
中金资本,4.75
软银亚洲,4.75
云启资本,4.75
耀途资本,4.75
GTSfactory_模型自动生产平台,4.756944444444445
太乙_Stable_Diffusion,4.756944444444445
中关村软件园,5.284722222222222
智源悟道科技有限公司,5.284722222222222
AI_创新应用,5.284722222222222
引擎底层设施,5.560833333333333
渲染,5.560833333333333
服务器,5.560833333333333
封神榜开源模型,5.833333333333333
模型生产,5.833333333333333
汉王_e_典笔_S30,6.0
电纸办公本_1001,6.0
墨水屏,6.0
Go_Go_Bird,6.0
人脸识别考勤机_HW_D3,6.0
软件定义实时网,6.0
实时互动云服务,6.0
全链路加速FPA,6.0
灵隼物联网云平台,6.0
孙雨润,6.0
李一男,6.361111111111111
NV,6.361111111111111
SuperDrive_AAD,6.361111111111111
城市NOA,6.361111111111111
AI交互,6.416666666666667
AI感知,6.416666666666667
AI场景化服务,6.416666666666667
沈阳人工智能计算中心,6.5
沈阳,6.5
胡超,6.5
联通,6.5
自动化,6.5
视觉_文本_语音三模态预训练模型,6.5
触觉反馈,7.25
创新听觉技术,7.25
祥峰投资,7.25
风物资本,7.25
佳禾智能,7.25
光源资本,7.25
达摩院,7.583333333333333
天猫精灵,7.583333333333333
先导化合物优化,7.611111111111111
assay_development,7.611111111111111
化学合成,7.611111111111111
target_validation,7.611111111111111
hit_finding,7.611111111111111
苏黎世神经信息研究所,7.638888888888889
苏黎世大学,7.638888888888889
苏黎世联邦理工学院,7.638888888888889
类脑策略,7.638888888888889
Anker,8.0
安克_GaNPrime_全氮化镓多口快充系统,8.0
氮化镓,8.0
AI优化计算,8.0
硬件架构,8.0
算法,8.0
宾夕法尼亚大学,8.5
数据集成,8.5
预测的量化,8.5
细胞类型标签转移,8.5
插补不确定性,8.5
蛋白质表达预测,8.5
蛋白质表达插补,8.5
高保真蓝牙音频,8.5
_5G_新双通,8.5
移动光追,8.5
AI_图像语义分割,8.5
Wi_Fi_7,8.5
高精度导航,8.5
移动_GPU_增效方案,8.5
张宏江,8.666666666666668
预测,8.86111111111111
风控,8.86111111111111
认知,8.86111111111111
分群,8.86111111111111
识别,8.86111111111111
优化,8.86111111111111
伍昱,9.0
标贝科技,9.0
田纳西大学,9.0
爱数,9.0
宝马,9.0
中国老龄产业协会,9.0
极盾科技,9.0
星云Clustar,9.0
南栖仙策,9.0
凌云光,9.0
EMDLP,9.0
_3D视觉传感器,9.0
金融预训练语言模型,9.0
中文跨模态新基准,9.0
深鱼科技,9.0
自动化所,9.0
亮亮视野,9.0
PyG,9.0
中科本原,9.0
Atlas机器人,9.0
参数技术有限公司,9.0
Physics_Informed_Neural_Network,9.0
量子控制初创公司Q_CTRL,9.0
爱奇艺,9.0
Grzegorz_Greczynski,9.0
瑞典林雪平大学,9.0
XPS_数据校准,9.0
_Lars_Hultman,9.0
循环神经网络框架,9.0
PLM,9.0
类人机器人,9.0
_001,9.722222222222221
概念车,9.722222222222221
未岚大陆,10.444444444444445
AppLovin,10.76388888888889
智源人工智能研究院,12.75
Jack_Dongarra,12.75
中国矿业大学,12.75
奥比中光,12.75
奇虎360,12.75
物理信息神经网络,12.75
GTS,12.944444444444445
AAD,14.0
北京智源人工智能研究院,14.0
跨维智能,16.0
识典古籍,16.0
POLYN,16.0
哈弗,16.0
恺望数据,16.0
沙龙汽车,16.0
闪马智能,16.0
新石器无人车,16.0
极氪,16.5
瑞典哥德堡查默斯理工大学,16.5
游戏引擎,17.22222222222222
九号机器人,17.583333333333336
MG_ONE,17.666666666666668
异构融合式车机系统,17.666666666666668
众安,19.0
Unity,19.749999999999996
九号公司,20.25
IDEA_研究院,21.333333333333332
北京智谱华章科技有限公司,22.444444444444443
Cocos,24.583333333333332
汉王科技,25.0
声网,25.0
GTS_乾坤鼎引擎,31.0
自游家,31.25
索迩电子,36.0
天瀑AI平台,38.0
WeRide_One,38.15404467167855
药物设计,43.5
普罗资本,48.68598184914712
全球客车制造商宇通集团,48.68598184914712
雷诺_日产_三菱联盟基金,48.68598184914712
sciPENN,49.0
联发科,49.0
异构计算,50.501315776534916
时识科技,51.55555555555555
AP,53.52692259058647
斑马智行,53.75
阿卜杜拉国王科技大学,54.72165254739548
HOLO_DEX,57.19154308552004
CDP,57.75
银河OS系统,62.24024400657709
L2级辅助驾驶,62.24024400657709
上汽,62.433780829584876
中关村智友人工智能与机器人研究院,63.48354410059097
AMR,64.29964535345816
Goodfellow,65.08835379160911
PIC,65.24272831410246
车规激光雷达,68.71900764043262
车规级激光雷达,68.71900764043262
_2_5_GHz,69.6991040708289
旅游元宇宙,70.84146548334712
Giacomo_Indiveri,72.0
去混杂因素,75.14776046417052
prompt,75.14776046417052
壁立仞,75.49118018168816
OAM服务器,75.49118018168816
壁砺100,75.49118018168816
PCIe板卡,75.49118018168816
海玄,75.49118018168816
BR100,75.49118018168816
OAM模组,75.49118018168816
壁砺104,75.49118018168816
BIRENSUPA软件平台,75.49118018168816
图形GPU,75.49118018168816
通用GPU芯片,75.49118018168816
应急管理部国家自然灾害防治研究院,76.94090838847646
郑超,77.40185633455985
蛋白质单体与复合物的结构预测,77.98329280340623
高纯晶硅,78.247776913265
海松资本,78.247776913265
雲晖资本,78.247776913265
中国_比利时直接股权投资基金,78.247776913265
中美绿色基金,78.247776913265
稼沃资本,78.247776913265
浙民投,78.247776913265
正泰,78.247776913265
金雨茂物,78.247776913265
混合云,78.47824522344874
姜锡岫,78.47824522344874
跨域共用,78.71556789008292
分层解耦,78.71556789008292
拯救者手机,79.37437251957715
拯救者Y70性能旗舰手机,79.37437251957715
个人云存储X1s,79.37437251957715
小新Pad_Pro_2022,79.37437251957715
小新平板,79.37437251957715
拯救者VR700,79.37437251957715
ZUI_14,79.37437251957715
罗旭,79.37437251957715
颜毅强,79.37437251957715
周信宏,79.79970990405033
德国波恩大学,79.79970990405033
精准防控,80.17007505514312
高效救援,80.17007505514312
智能预警,80.17007505514312
超前感知,80.17007505514312
文本转图像模型,83.67238737653122
招商金科,83.97775385763845
招商局集团,83.97775385763845
社交网络,83.97775385763845
IOP对话系统,83.97775385763845
计算机游戏引擎,84.60492932152738
ECAD,86.74775048775301
PGC,86.74775048775301
SWIFT_DDS,88.16496436981825
中国人民大学,88.5473955018497
视频时空建模,88.5473955018497
头发生成,88.5473955018497
AUTOSAR自适应平台软件,89.60579770315158
Arm生态系统软件,89.75799605940838
中国国有企业结构调整基金股份有限公司,91.04857272416294
星辰,91.17253175502859
决策大模型,93.25213109924293
图深度学习,95.01154089463634
今日资本,95.05058383454525
源码资本,95.05058383454525
VPU,95.27220019255516
CPU,95.27220019255516
ISP,95.27220019255516
NPU,95.27220019255516
Blockformer,95.94913746260875
大规模预训练模型,96.6985802937293
多模态预训练大模型,96.6985802937293
江睿,96.99615249787782
超高分辨率图像分类,97.01029552392724
建筑物检测,97.01029552392724
全色锐化,97.01029552392724
图像字幕,97.01029552392724
变化检测,97.01029552392724
自研_AI_芯片,97.21136162693281
V2,97.21136162693281
自研影像芯片,97.21136162693281
影像技术,97.21136162693281
X80,97.21136162693281
VastStream,97.42497797033295
瀚博统一计算架构,97.42497797033295
SG100,97.42497797033295
_VE1,97.42497797033295
VA10,97.42497797033295
钱军,97.42497797033295
自动驾驶通用技术平台,98.64974147607201
Alex_Rodrigues,99.4903257966371
MegEngine,99.61302416790276
硅谷银行,99.89749307749561
SVB_Capital,99.89749307749561
Hercules_Capital,99.89749307749561
HyperTree_Proof_Search,101.16475447569242
稀疏输入源,101.6350322534702
立方砷化硼,102.07093588396178
GFlowNet_框架,102.39534557524135
图像超分辨率,102.71142114235909
图像再缩放,102.71142114235909
MCU,103.32079354856538
刘斯东,103.60357859278875
李为民,103.60357859278875
许强,103.60357859278875
陈航,103.60357859278875
张兆翔,104.94188466122252
彭君然,104.94188466122252
卜兴源,104.94188466122252
常清,104.94188466122252
Slate调度工具,105.52122976297454
TTTech_TSN,105.52122976297454
_3D传感器芯片,106.01842528229595
昆仲资,106.01842528229595
智能驾驶辅助功能,106.11880936267544
基于区块链的对等网络,106.30192248717306
保护隐私,106.30192248717306
RISC_V处理器,106.48864555086003
固态激光雷达,107.20711442355065
AI诊断技术,107.5096860496687
Speckle_Transformer__SpT__UNet,107.5650344397489
_非局部_模型,107.5650344397489
GP_lens,107.72433664577288
大数据生态体系,108.45583117438525
吉林大学,108.98254476314702
人脸图像复原,109.01178592887129
人脸转正,109.01178592887129
量化投资,109.3249567656265
时空智能基础设施,109.71800057044018
全球卫星导航,109.71800057044018
授时技术,109.71800057044018
北斗高精度定位,109.71800057044018
时空智能技术,109.71800057044018
智慧出行,109.71800057044018
千寻位置网络有限公司,109.71800057044018
冯绍军,109.71800057044018
NSM,109.81017373140098
决策AI算法,109.84217898784871
Ubert,109.95732459762303
谢育涛,109.95732459762303
ImageNet,110.22510805303159
招商云,110.56666450771858
多智能体强化学习,111.68940121007094
Ray,111.68940121007094
多智能体强化学习训练,111.68940121007094
Method_Invocation_Sequence,111.84927794588924
视觉感知,112.00178437522489
全链路语音交互,112.00178437522489
多层规划算法,112.00178437522489
视觉定位导航,112.00178437522489
三维立体视觉定位,112.00178437522489
清华大学,112.57934366193601
自动化药物生产,112.57934366193601
AI通用处理器,112.76532639327023
李建文,112.76532639327023
ADAS,113.079852349006
High_Resolution_Image_Synthesis_with_Latent_Diffusion_Models,113.11871348651191
Coatue,113.32538015317857
Lightspeed_Venture_Partners,113.32538015317857
OShaughnessy_Ventures_LLC,113.32538015317857
食盐_电池,114.11378845881126
高阶智能网联汽车电子产品,114.15624123789489
智能驾驶系统解决方案,114.15624123789489
陈怡然,114.78196170449394
杨越,114.78196170449394
红点中国,114.78196170449394
真格基金,114.78196170449394
潮服务,115.20242758138113
AI计算,115.20242758138113
讯飞翻译机4_0,115.98047611105531
X光下的小样本检测基准和弱特征增强网络,115.98047611105531
道路目标检测,115.98047611105531
智能助听器,115.98047611105531
讯飞智能助听器悦享版,115.98047611105531
无线麦克风C1,115.98047611105531
讯飞智能无线麦克风C1,115.98047611105531
X_光安检,115.98047611105531
翻译机4_0,115.98047611105531
贺志阳,115.98047611105531
Julien_Chaumond,115.99204681984523
_Accelerate,115.99204681984523
Transformers,115.99204681984523
Datasets,115.99204681984523
Hugging_Face_Hub,115.99204681984523
Tokenizers,115.99204681984523
bZ3,116.87649219352589
充电桩,116.87649219352589
CTB,116.87649219352589
生成器,117.50009313174202
鉴别器,117.50009313174202
LDS模组,118.433275570398
智能自清洁,118.433275570398
自清洁扫拖机器人,118.433275570398
AI计算机硬件,118.64836078594895
机器学习算力,118.64836078594895
分布式系统,119.131402992903
加利福尼亚大学洛杉矶分校,119.39001410401413
苏伟铭,120.17154893882885
健康医疗,120.17154893882885
东风,120.17154893882885
环保理念,120.91768002017244
仿生结构,120.91768002017244
Air电动轿车,121.37056186672194
电动汽车,121.37056186672194
AlphaFold_DB,121.57604708156471
视觉语言模型,121.57604708156471
Daniel_Gross,122.09265904200106
Nat_Friedman,122.09265904200106
John_Carmack,122.09265904200106
预测的蛋白质结构,123.11771374823138
高阶自动驾驶,123.40664770814863
哈萨比斯,124.00660263712027
人类蛋白结构,124.00660263712027
第一性原理,125.29554293344037
文本风格,125.29554293344037
DDS,125.78110437410528
雨燕通信中间件,125.78110437410528
语义语言理解,126.16456718785076
智能配送,126.71305170836678
自动配送,126.71305170836678
YOLOv6,126.71305170836678
机器分拣,126.71305170836678
无人机城市低空物流,126.71305170836678
Manner,126.71305170836678
中国汽车工程学会,126.71305170836678
中国航空学会,126.71305170836678
通用智能芯片,126.79911693753195
Linaro_Windows_on_Arm工作组,126.79911693753195
任清源,126.79911693753195
HELP,126.984785458267
AI_智能算法,126.984785458267
_3D_固态存储网络,127.1730784714295
高性能GPU芯片,127.69360428470608
_Zen_4_架构,129.56655912533114
刘澍,129.87136524164492
异构计算平台,129.87136524164492
元宇宙终端芯片,129.87136524164492
商德明,129.87136524164492
吴雄昂,129.87136524164492
腾讯云微搭,130.23134043960363
EV电池,130.4149413714153
Contrastive_BERT_for_RL,130.42912166149654
DPU,130.67355248252642
Timothy_Baldwin,131.03224809518264
因果序列预测损失,131.21457545603852
AR_LDM,132.4068357717872
生活电器,132.64487066540346
SubNet,132.92405799400942
语义特征编辑,132.9857416674788
推特,133.41870836076134
SpaceX,133.41870836076134
星链,133.41870836076134
Twitter,133.41870836076134
基因表达轮廓,133.48577470474862
学习低维潜嵌件,133.48577470474862
空间信息,133.48577470474862
机器化学家,133.5890579940094
绿色矿山系统,133.5890579940094
可信隐私计算框架,133.97972733010548
开放域目标检测,134.5793527785899
AI训练芯片,134.72171960221993
邃思_2_0,134.72171960221993
云燧_T20,134.72171960221993
AI软件栈,134.72171960221993
驭算_TopsRider,134.72171960221993
云端算力,134.72171960221993
云燧_T21,134.72171960221993
AI_算力中心,134.72171960221993
张亚林,134.72171960221993
张文平,134.72171960221993
Log_structured_Efficient_Trusted_Universal_Storage,135.14639399677213
中国银行,135.21654924056872
Chinese_Hierarchical_Language_Model_Systems_for_Knowledge_Transforming,135.69199642386405
多头神经网络,135.8402830821737
全息,135.87403733207012
ARorVR,135.87403733207012
仿真,135.87403733207012
数字孪生,135.87403733207012
Shift_Robotics,136.32977299825058
邓亚峰,136.32977299825058
AUTOSAR_Adaptive_Platform,136.7416129888893
前沿科技基金,137.06243554569602
李博,138.55863106807988
Eletre,138.55863106807988
纯电智能汽车,138.55863106807988
单记章,138.64890884585765
大算力芯片,138.64890884585765
太盟投资集团,138.8076046216524
软件系统,138.8591685382271
数字医疗,138.95755525792876
AIplus医疗,138.95755525792876
美光,139.07859237528282
Robotic_Process_Automation,139.25838410936166
机器人流程自动化,139.25838410936166
迁移语义增强方法,139.865919388956
联合图神经网络,140.15060082880095
_transformer,140.15060082880095
KAUST,140.25142248460998
智能城市,141.67390884585765
智能互联,141.67390884585765
中智行,141.68147494451156
_轻车_熟路_车路协同自动驾驶系统,141.68147494451156
高阶辅助驾驶,142.4804967384143
看护场景,142.50597220804215
数据增强,143.18191293418582
Anchor_free,143.18191293418582
YOLO,143.18191293418582
Copilot,143.51865638435652
GitHub_Copilot,143.51865638435652
AI_Kit_Lite,143.582361096931
AI_Kit,143.582361096931
多模态数据,143.90321469839608
智能汽车软件架构,144.0615880553126
鹏程_盘古大模型,144.0615880553126
Hydra_Attention,144.20408139695414
Atlas,144.20408139695414
NLLB,144.20408139695414
大型语言模型,145.28047028584302
蛋白质结构视图,145.28047028584302
slimming,145.28047028584302
药物发现中的机器学习,145.28047028584302
L2plus自动驾驶,145.73444735569828
自动驾驶方案,145.73444735569828
QUIC,145.85797578056565
D2Q,145.85797578056565
Flink,145.85797578056565
联合优化,145.85797578056565
Hinton团队,146.39871601352132
高效神经网络与计算,146.52598921484486
视觉场景理解,146.52598921484486
医学图像分析,146.52598921484486
柠檬平台,146.6134021142695
条件生成对抗网络,146.71471677684755
线控底盘,146.88241839451126
大禹电池,146.88241839451126
云平台,146.88241839451126
智能硬件,146.88241839451126
山海炮,146.88241839451126
全栈自研,146.88241839451126
咖啡智驾众创平台,146.88241839451126
DALL_E,147.07421193991206
DALL_E_2,147.07421193991206
GPU_编程语言,147.07421193991206
_AI_代码补全工具,147.07421193991206
GPU编程语言,147.07421193991206
Scott_Aaronson,147.07421193991206
美国东北大学,147.3377078191507
加州大学洛杉矶分校,147.3377078191507
可控文本生成,147.3377078191507
李想,147.60825472197925
L9,147.60825472197925
功率半导体基地,147.60825472197925
ONE,147.60825472197925
Li_Xudong,147.9484021142695
_4Paradigm_Shift企业转型平台及服务,148.30377998546436
企业智能决策,148.30377998546436
智能决策技术,148.30377998546436
陈雨强,148.30377998546436
王太泽,148.30377998546436
唐建,148.88686530475985
AI药物研发平台,148.88686530475985
许静芳,149.33732501229224
大数据平台架构,149.4281296222709
舆情平台架构,149.4281296222709
ClickHouse,149.4281296222709
超分算法,150.0251138174693
大尺度图像处理,150.16353133612125
通用_GPU_计算,150.16353133612125
媒体编解码,150.16353133612125
科学计算,150.16353133612125
物理模拟,150.16353133612125
模仿学习,150.58264787654204
多智能体学习,150.58264787654204
药物化学,151.38617790390657
AI驱动,151.38617790390657
生物学,151.38617790390657
计算化学,151.38617790390657
肖嵘,152.153289555952
自进化城市智能体,152.153289555952
南洋理工,152.17789159524708
多模态图像合成与编辑,152.17789159524708
类别语义嵌入,152.17789159524708
异构策略,152.26914101007338
人工智能基础设施,152.36734141271896
人机协同,153.87312010033344
闫峻,153.87312010033344
同济,154.43855082768457
地图构建,154.52011919049676
实时定位,154.52011919049676
AI视觉,154.52011919049676
几何深度学习,155.1607257656047
华盛顿大学,155.5221556616952
RTX_40_系,155.84702360067925
边缘AI管理,155.84702360067925
元和资本,155.8952577888862
点亮伯恩,155.8952577888862
CO,156.06818600568948
科罗拉多大学,156.06818600568948
Balasubramanian,156.06818600568948
NNL_NETL,156.06818600568948
Rust,156.06818600568948
劳伦斯_利弗莫尔国家实验室,156.06818600568948
蛋白质结构预测,156.18289159524707
文曲星_22A,156.18289159524707
文曲星,156.18289159524707
中国科学院大学,156.18289159524707
量子优化设备架构,157.11091248956814
Cadence,157.14457489457837
数字芯片设计,157.14457489457837
持续_AI,157.3841713497443
Self_Distillation_from_Last_Mini_Batch,158.07866704150095
AnyGrasp,158.07866704150098
基于瞳孔复制的波导系统,158.25841248956812
虚拟全息显示,158.25841248956812
智能网联_车路云一体化,158.65156854843013
L4巴士,158.65156854843013
汽车大脑,158.65156854843013
数字经济,158.65156854843013
自动驾驶汽车大脑,158.65156854843013
BUS_M2,158.65156854843013
自动驾驶服务,158.65156854843013
车路云一体化智慧交通系统,158.65156854843013
BUS_M1,158.65156854843013
四川天府新区,158.65156854843013
通州,158.65156854843013
朱磊,158.65156854843013
英中同声传译,159.15505593038984
英_中同声传译,159.15505593038984
实时分析,159.42013045013397
活体检测,159.70743971657345
反欺诈,159.70743971657345
信用评分,159.70743971657345
VR,160.02652281693207
Hermes,160.31128794269912
SLAM_Cube,160.31128794269912
ZEUS,160.31128794269912
Athena,160.31128794269912
瑞金医院,160.49005593038987
数字医学技术,160.49005593038987
可扩展的图神经结构搜索系统,160.5704749031519
_3D神经表示模型,160.93083307103137
PROTAC设计,160.93083307103137
智能手环,161.46176315186094
Zepp_OS,161.46176315186094
智能手表,161.46176315186094
黄山芯片,161.46176315186094
智能校对,162.1566290589771
智能美化,162.1566290589771
智能生成,162.1566290589771
KSAI_Lite,162.1566290589771
荣威,162.6969854545161
OneFlow,163.19973293522526
车载显示,163.57921115854484
智能化,163.57921115854484
智能出行,163.57921115854484
SIGMA架构,163.57921115854484
智能座舱显示,163.57921115854484
交互领域,163.57921115854484
互联网汽车智能系统,163.57921115854484
京东方,163.57921115854484
Intel_7,164.0466921081987
Suresh_Thummalapenta,164.05825268092968
Source_object_type,164.05825268092968
Destination_object_type,164.05825268092968
濮阳,164.75802829899703
智慧物流,164.75802829899703
鲁棒行人重识别,164.75802829899703
大型仿人服务机器人_Walker,164.75802829899703
熊猫机器人,164.75802829899703
ADIBOT,164.75802829899703
智慧康养全体系解决方案,164.75802829899703
三元组比例损失函数,164.75802829899703
大型仿人服务机器人,164.75802829899703
一行,164.75802829899703
人形机器人_Walker,164.75802829899703
氢动力人形机器人,164.75802829899703
机器人运动控制,164.75802829899703
智能物流机器人,164.75802829899703
机器人掉电防摔,164.75802829899703
_3D计算机视觉,165.8365736038273
自动驾驶多任务网络学习,165.8365736038273
机器人规划与控制算法,165.8365736038273
_3D_计算机视觉,165.8365736038273
Marqo,165.8803502488844
Meteor_Lake,166.1994698859765
Arrow_Lake,166.1994698859765
Lunar_Lake,166.1994698859765
IDG资本,166.9016649376411
TJ_Parker,166.9567391377733
处方药,166.9567391377733
沐曦,166.96736403381763
仓储机器人,167.69461727826675
祥峰成长基金,167.69461727826675
清悦资本,167.69461727826675
自主移动机器人,168.12092029751358
胶囊网络,169.8040832572617
安徽,169.89256823474562
江淮汽车,169.89256823474562
智能工厂,169.89256823474562
思维链,170.07958768221778
数据集生成,170.07958768221778
提示学习,170.07958768221778
视频处理,170.07992010371453
SSD,170.07992010371453
王田苗,170.81719538879096
Unifying_Generative_Models_with_GFlowNets,170.88047214615057
张鼎怀,170.88047214615057
生成对抗网络,171.00485864305477
人工智能法治研究,172.14710798307505
传统和模仿学习,174.15337926898556
LAS,174.15337926898556
ByteHouse,174.15337926898556
DataLeap,174.15337926898556
JPEG,174.15337926898556
三维分子预训练模型,174.15337926898556
并行生成技术,174.15337926898556
Audio_Adversarial_Attack,175.22976815787445
语音合成,175.22976815787445
加利福尼亚大学圣塔芭芭拉分校,175.22976815787445
加州大学圣巴巴拉分校,175.22976815787445
_Transformer,175.32004593565222
数据剪枝,176.37880557135273
S4__a_High_Sparsity_High_Performance_AI_Accelerator,176.8578206496502
S30计算卡,176.8578206496502
软硬协同AI芯片架构,176.8578206496502
稀疏化计算,176.8578206496502
双稀疏算法,176.8578206496502
SparseOne️_S10,176.8578206496502
严恩勖,176.8578206496502
固态硬盘,177.21473268375127
Vueron,177.21473268375127
M2_芯片,177.21473268375127
MobileNet_V3,177.21473268375127
Person_in_Context,178.3725687814772
NGP,178.56391283438694
NOP,178.56391283438694
OTA,178.56391283438694
ANP,178.56391283438694
生态大数据,178.56391283438694
AMG_EQE_SUV,178.89424646312295
EQE_SUV,178.89424646312295
上海人工智能产业投资基金,179.21440802307978
美国医学与生物工程院,179.7916195980008
罗平,179.79161959800084
_对手建模_算法框架,179.79161959800084
招商局港口集团股份有限公司,179.79161959800084
多粒度输入信息,179.79161959800084
_5G丹拿智能音乐座舱,180.3881330459165
唐DM_p,180.3881330459165
插混,180.3881330459165
元PLUS,180.3881330459165
海豚,180.3881330459165
新能源车,180.3881330459165
纯电车,180.3881330459165
王传福,180.3881330459165
薛天帆,181.12661959800084
软性微处理器_PlasticARM,181.5330205560935
塑料处理器,181.5330205560935
塑料芯片,181.5330205560935
高速公路病害检测,182.2444839046999
EB_corbos_AdaptiveCore,182.6421509618587
运动想象,184.09717515355638
P300,184.09717515355638
SSVEP,184.09717515355638
脑机图灵测试,184.09717515355638
情感识别,184.09717515355638
基于大规模预训练语言模型的单细胞转录组细胞类型注释算法,184.1388827501408
级联视频扩散模型,184.74699069722442
飞行汽车,184.74699069722442
多模态稀疏化模型,184.74699069722442
代码生成模型,184.74699069722442
Auto_scaling_Vision_Transformers,184.74699069722442
Pieter_Abbeel,184.74699069722442
_Lumen_Bioscience,184.74699069722442
视觉检测,184.74699069722442
人机增强,185.8128187394092
NAND_闪存芯片,186.25929967621232
存储芯片,186.25929967621232
_5G_中频_PCS_频谱广播服务,186.37616954422535
Jürgen_Schmidhuber,187.00715910384696
梧桐会,187.0164530728145
将门创投,187.0164530728145
朱明杰,187.0164530728145
中电金信,188.83247625633277
南京信息工程大学,189.51066793424465
携程,189.76605384882967
中移创新产业基金,190.1075071054964
泰合资本,190.1075071054964
神经数据库架构,190.58946748776103
扎克伯格,190.58946748776103
金融,193.55240082493575
金融数据治理,193.55240082493575
DeepNash,194.4943326821862
安全可靠可控的AI,194.4943326821862
Alphafold,194.4943326821862
启发式算法,194.4943326821862
MIP问题,194.4943326821862
蛋白质结构,194.4943326821862
伯克利,194.4943326821862
人体骨骼模型,195.10289485588555
可微物理引擎,195.10289485588555
远程人机交互,195.10289485588555
蛋白质结构生成,195.10289485588555
Qualcomm,195.46253147065872
精细化人景分离算法,196.1822180730682
物体追踪,196.1822180730682
体态识别,196.1822180730682
手势识别,196.1822180730682
图像视频增强,196.1822180730682
递归门控卷积,198.07912569968823
循环智能,198.07912569968823
Phocus,198.07912569968823
超大模型调参,199.2457923663549
DGNN,199.4141256996882
固态锂电池,201.177027549078
BYOL,201.39857014413263
_Vision_Transformer,201.39857014413263
MoCo_v2,201.39857014413263
合理化深度学习超分辨率显微镜,201.47634792191042
Fakhri_Karray,202.52761385346258
核心分布式调度执行引擎,202.52761385346258
通用增量计算优化器框架,202.52761385346258
Hadoop,202.52761385346258
自然语言技术,202.52761385346258
David_Meir_Blei,202.9557810180899
LM,202.9557810180899
DAG,203.60400274235147
云计算平台,203.60400274235147
深度语言模型体系,203.60400274235147
_StructBERT,203.60400274235147
_AI_攻防模型,203.60400274235147
AI_攻防算法,203.60400274235147
Cloud_infrastructure_Processing_Units,203.69428052012924
RoboTaxi,204.05011385346256
商品显著性推理,204.68039163124035
电商知识图谱链接预测,204.68039163124035
商品同款挖掘,204.68039163124035
AI视觉技术,204.87363628015373
沉浸式数字技术,204.87363628015373
智能视觉,204.87363628015373
AI影像,204.87363628015373
spectro_temporalSubNet,204.93900274235145
STSubNet,204.93900274235145
MI250AI,205.56308702621428
Ryzen_9_7950X_旗舰,205.56308702621428
CPU_Ryzen_7000_系列,205.56308702621428
Ryzen_5_7600X,205.56308702621428
Ryzen_7000,205.56308702621428
苏姿丰,205.56308702621428
SMore_ViMo工业AI平台,205.74653501582253
SMore_ViNeo智能相机,205.74653501582253
公路病害检测,205.74653501582253
智能制造,205.74653501582253
SMore_ViScanner智能读码器,205.74653501582253
工业智能成像系统,205.74653501582253
舍弗勒,205.74653501582253
宝洁,205.74653501582253
佳能,205.74653501582253
空客,205.74653501582253
联合利华,205.74653501582253
广东省某高速企业,205.74653501582253
刘枢,205.74653501582253
实时查询,205.75678052012924
实时离线联邦分析,205.75678052012924
大数据生态,205.75678052012924
PostgreSQL协议,205.75678052012924
Semi,206.163051397946
电动半挂式卡车Semi,206.163051397946
自研超算,206.163051397946
Autopilot,206.163051397946
警告系统,206.163051397946
车辆危险警告系统,206.163051397946
Autopilot_自动辅助驾驶,206.163051397946
_4680电池,206.163051397946
人形机器人,206.163051397946
自动停车,206.163051397946
预测推理,206.163051397946
紧急安全解决方案公司,206.163051397946
Andrej_Karpathy,206.163051397946
埃隆___马斯克,206.163051397946
语义理解,207.99512780856065
零售云,207.99512780856065
产业_AI,207.99512780856065
郭天南,208.47982316311237
百图生科,211.18379311855068
AI探索生命科学,211.9960492707229
OPPO_K10,212.05831007482212
智慧跨端系统潘塔纳尔,212.05831007482212
中文预训练大模型,212.05831007482212
ColorOS_13,212.05831007482212
_ColorOS_13,212.05831007482212
自研智慧跨端系统潘塔纳尔,212.05831007482212
数坤科技,212.18937940779972
人工智能可信理论,212.61764366255932
高阶智能驾驶路测,212.79560573501772
百舸集群,213.9622724016844
摩拜,214.29199462390665
隐形正畸,214.78583600688083
脑科学,214.78583600688083
微视,214.78583600688083
墨奇科技,214.78583600688086
高级汽车辅助驾驶,214.8664529075262
无人驾驶车,214.8664529075262
外部感知,214.94838351279554
软件算法,214.94838351279554
硬件算力,214.94838351279554
跨模态文档理解,215.03866129057332
布局知识增强技术,215.03866129057332
神经拟态视觉传感器,215.68098342772169
神经拟态视觉传感技术,215.68098342772169
Prosperity7_ventures,215.68098342772169
_360资本,215.68098342772169
iBionext,215.68098342772169
欧洲投资银行,215.68098342772169
自动驾驶卡车量产白皮书,216.20145290752617
周光,216.31784179641508
第五代RoboTaxi,216.38895290752617
可信隐私计算,217.01762637850274
一站式移动开发平台mPaaS,217.01762637850274
智能安全,217.01762637850274
摩斯,217.01762637850274
端到端隐私计算,217.01762637850274
FAIR,217.01762637850274
AI安全可信,217.01762637850274
mPaaS,217.01762637850274
安全科技产品,217.01762637850274
区块链,217.01762637850274
隐语开放平台,217.01762637850274
中国信通院云计算与大数据研究所,217.01762637850274
基于特征模型的可解释方案,217.01762637850274
章鹏,217.01762637850274
倪凯,217.42347529981646
吉利,217.8209520586842
智慧城市,218.21699462390666
应急管理,218.21699462390666
边缘计算,218.6594005299017
数字化运营,218.89756401863733
全息道路,218.89756401863733
无人驾驶出租车,219.12339735197062
检测,220.19810573501778
_3D定位,220.19810573501778
分割,220.19810573501778
跟踪,220.19810573501778
身份重识别,220.19810573501778
事件分析,220.19810573501778
互联网和网络技术,220.30973581901966
计算机系统和网络,220.30973581901966
可持续性和智能能源系统,220.30973581901966
时趣,220.5550897045315
国家灾研院,220.71377891865814
iMAX8_EV,222.23969425149775
实时合成音乐,223.0221780602866
稀疏神经网络,223.0221780602866
西安交大,223.0221780602866
朱晨光,223.0221780602866
Eric_Horvitz,223.0221780602866
周礼栋,223.0221780602866
量子人工智能,223.34139366777788
韩晓光,224.39514944466396
折叠屏手机,224.39514944466396
换壳手表,224.39514944466396
一体机,224.39514944466396
智慧屏,224.39514944466396
卫星通信,224.39514944466396
M7,224.39514944466396
分布式技术,224.39514944466396
车端感知,225.31718136557606
MANA,225.31718136557606
小魔驼_2_0,225.31718136557606
城市辅助驾驶系统,225.31718136557606
HPilot,225.31718136557606
乘用车辅助驾驶系统,225.31718136557606
顾维灝,225.31718136557606
智能托盘四向车系统,225.37978067864074
视觉AI,225.37978067864074
算法定义硬件,225.37978067864074
天元_MegEngine,225.37978067864074
张祥雨,225.37978067864074
孙剑,225.37978067864074
范浩强,225.37978067864074
周而进,225.37978067864074
数据服务,225.44403652430623
自动驾驶感知决策算法,225.44403652430623
李东旻,225.44403652430623
光场渲染压缩技术,225.47153833355281
辐射场模型,225.47153833355281
卷积操作,225.47153833355281
自注意力操作,225.47153833355281
基于掩码自编码器的检索预训练语言模型,225.65903833355281
全真互联技术,225.68592458697952
城际及远郊加电,225.80392298815102
充电站,225.80392298815102
换电站,225.80392298815102
章健勇,225.80392298815102
线上沟通,226.01254728822596
远程医疗,226.01254728822596
完美信息蒸馏,226.01254728822596
音视频,226.01254728822596
图像鉴伪,226.01254728822596
轻量级网络音频降噪算法,226.01254728822596
内容风控,226.01254728822596
PerfectDou,226.01254728822596
实时高分辨率人脸重演算法,226.01254728822596
自然语言对话,226.01254728822596
动捕去噪,226.01254728822596
在线教育,226.01254728822596
神经网络音频降噪算法,226.01254728822596
远程协同办公,226.01254728822596
高效视频动捕,226.01254728822596
自监督强化学习,226.3743161113306
蛋白质结构打分,227.6243161113306
蛋白质折叠训练推理流程,227.6243161113306
蛋白质结构预测数据集_PSP,227.6243161113306
AI_MSA_引擎,227.6243161113306
四足机器人,227.91858014422033
活动场景设计,228.18467602980232
功能性接口,228.18467602980232
虚拟人建模,228.18467602980232
新加坡南洋理工大学,228.18467602980232
大脑成像技术,228.9771529618991
Sutton,228.9771529618991
Silver,228.9771529618991
半监督,229.11099953333905
千博手语,229.30237166688616
紫东__太初,229.30237166688616
南洋理工大学,229.4641826207352
香港科技大学,229.4641826207352
匹兹堡大学,229.4641826207352
星云_Clustar,229.4641826207352
高性能GPU,229.47843056431822
Syrius炬星,230.25168119211853
车规级AI芯片征程5,231.34117229528132
大算力自动驾驶芯片,231.34117229528132
征程系列车规级AI芯片,231.34117229528132
征程5芯片,231.34117229528132
自动驾驶感知系统,231.34117229528132
黄畅,231.34117229528132
高性能MCU,231.94310574704616
车规芯片,231.94310574704616
高性能中央网关,231.94310574704616
G9H,231.94310574704616
网之芯G9系列,231.94310574704616
车载计算单元,231.94310574704616
跨域控制器,231.94310574704616
中央网关,231.94310574704616
G9系列,231.94310574704616
东软睿驰,231.94310574704616
脑表面表示,231.98832068210768
脑活动分析,231.98832068210768
解剖结构的分割和标记,231.98832068210768
多模态医学数据分析,231.98832068210768
LAION,232.0152047508016
Eleuther_AI,232.0152047508016
ModelScope,232.26833025266382
语义,232.26833025266382
语音,232.26833025266382
PageMaker,234.43732725413878
PostScript,234.43732725413878
欧拉操作系统,234.4920938891084
_2022款欧拉好猫GT,234.4920938891084
好猫,234.4920938891084
好猫GT,234.4920938891084
RiD,234.80715338230115
Uni_Fold,234.80715338230115
Hermite_Uni_FEP,234.80715338230115
扩展现实计算设备,234.95013582672647
AITemplate,234.95013582672647
自监督,234.95013582672647
Cicero,234.95013582672647
Quest_Pro,234.95013582672647
_Galactica,234.95013582672647
Papers_with_Code,234.95013582672647
马克___扎克伯格,234.95013582672647
巨量模型,235.80763294054003
源,235.80763294054003
智能家居,236.11380629254785
车载设备,236.11380629254785
GameGAN,236.2779640412618
ViT结构搜索算法,236.56031308600316
王绍兰,238.2757655323312
Generative_Adversarial_Network,238.4307418190396
缤越,240.4419262949479
王光宇,240.88018188356543
基于特征组合的域泛化性活体检测算法,240.88018188356543
电子计算机辅助软件,241.33907984854193
增压燃烧,241.33907984854193
全景视频播放,242.5101259099958
全链路支持HDR视频,242.5101259099958
Bagua,242.5101259099958
分布式训练框架,242.5101259099958
斗地主AI,242.5101259099958
VLUA_多模态模型,242.5101259099958
短视频,242.5101259099958
VRorAR,242.5101259099958
多模态理解,242.5101259099958
StreamLake,242.5101259099958
苏黎世理工,242.5101259099958
哈尔滨工业大学,242.5101259099958
陈定佳,242.5101259099958
于冰,242.5101259099958
王仲远,242.5101259099958
胡渊鸣,242.5101259099958
双芯人像,245.95610360287122
深度学习框架,245.95610360287122
新思科技,245.95610360287122
RIOS_实验室,245.95610360287122
览沃科技,246.68761734877395
算力,249.46956135142406
三维视觉,249.46956135142406
AI_基础设施,249.46956135142406
元萝卜_SenseRobot,249.46956135142406
AI_治理,249.46956135142406
机械臂,249.46956135142406
AI治理白皮书,249.46956135142406
平衡发展的人工智能治理白皮书__商汤人工智能伦理与治理年度报告,249.46956135142406
AI基础设施,249.46956135142406
AI下棋机器人,249.46956135142406
DALL_E2,252.71144534186115
雨燕,252.83998652598834
沐曦集成电路_上海_有限公司,253.16607607851074
Linaro,254.8760116528417
Deepmotion,255.02352390727265
雷军,255.02352390727265
ViT,256.894753982266
Abdulmotaleb,256.894753982266
AD,259.73082543145335
AI应用实践白皮书,260.1885259779133
安远AI,260.1885259779133
STAR_MC1处理器,261.0205082610676
苗旭鹏,261.86350818375854
AI安全,262.1157239496946
基于配准的少样本异常检测框架,262.1157239496946
图像合成,262.1157239496946
吴文俊,262.1157239496946
陈海波,262.1157239496946
自动驾驶规模化应用,263.77001648420895
无人自动驾驶,263.77001648420895
三一重卡,263.77001648420895
高级驾驶辅助系统,263.8252979501776
_Michael_Jordan,264.1840637328481
ML,264.1840637328481
第一性原理方法,264.1840637328481
材料设计,264.1840637328481
生物医学,264.1840637328481
工业应用,264.1840637328481
LSTM,264.80602110077086
智能眼镜,265.71866653081264
汪军,266.2115348334597
图自监督学习,266.7172996614882
AI_LaunchPad,268.4771581437405
_4090,268.4771581437405
全能芯片,268.4771581437405
NVIDIA_3D_MoMa,268.4771581437405
NeuralVDB,268.4771581437405
边缘_AI_部署,268.4771581437405
Kaolin_WISP,268.4771581437405
Jetson_AGX_Xavier,268.4771581437405
H100,268.4771581437405
DGX_A100,268.4771581437405
A100,268.4771581437405
Drive_Thor,268.4771581437405
Arm_服务器平台_AICAN,268.4771581437405
RTX_4080_12GB,268.4771581437405
游戏Arm服务器,268.4771581437405
Ampere_Computing,268.4771581437405
Ampere,268.4771581437405
SiMa,268.4771581437405
李曦鹏,268.4771581437405
Bill_Dally,268.4771581437405
Livox_浩界HAP,268.98684615101536
明略科技,269.85457778701857
第二代_Starlink_卫星,270.26797227707823
AI算力,271.94343920443987
云燧智算机,271.94343920443987
高德,274.60670658060417
Anthropic,275.67982877896355
AIorML,276.80959411364466
软件定义汽车,276.80959411364466
Amazon_Care,276.80959411364466
车联网,276.80959411364466
沃尔沃,276.80959411364466
人大附中,276.80959411364466
Elliot_Cohen,276.80959411364466
李沐,276.80959411364466
张文翊,276.80959411364466
Arm_CPU,276.9210116528417
Algorithm_Distillation,279.5006801732138
至强_可扩展处理器,280.4981414612597
Intel_4_工艺,280.4981414612597
_3D渲染图,280.4981414612597
千亿晶体管SoC,280.4981414612597
XeSS神经网络超采样,280.4981414612597
i9_13900K,280.4981414612597
_13代酷睿,280.4981414612597
性能混合架构_Alder_Lake,280.4981414612597
Intel_20A,280.4981414612597
硬件线程调度器,280.4981414612597
x86内核架构,280.4981414612597
基辛格,280.4981414612597
Embark,281.1182446736036
CUDA_INT4,283.8532703128161
慕尼黑工大,285.8981583613637
物理模型,285.8981583613637
HTPS,290.2031627939083
估计全身姿势,293.3903850161305
红杉资本,293.86055823469565
陈刚,295.58874453070746
汽车芯片,297.17458200631677
αβ_CROWN,297.1754156383014
神经网络验证,297.1754156383014
哥伦比亚大学,298.10597119385693
Prompt,298.10597119385693
脱离高精地图,299.0275000161892
自动驾驶核心模型,299.0275000161892
全场景辅助驾驶,299.0275000161892
自动泊车,299.0275000161892
城市NGP,299.0275000161892
G9,299.0275000161892
吴新宙,299.0275000161892
何小鹏,299.0275000161892
深度生成模型,299.0515083872975
M2芯片,303.655911298947
StyleGANv2,303.655911298947
M1芯片,303.655911298947
电池技术,303.655911298947
灵动岛,303.655911298947
M2,303.655911298947
M1_Max_芯片,303.655911298947
MacBook,303.655911298947
长江存储,303.655911298947
Kevin_Lynch,303.655911298947
文远知行,304.4338824594894
AI_算力,306.48105524388137
端侧_AI_计算,306.48105524388137
Snapdragon_Ride平台,306.48105524388137
神经视频解码器,306.48105524388137
骁龙8_Gen2,306.48105524388137
骁龙,306.48105524388137
移动平台,306.48105524388137
汽车业务,306.48105524388137
骁龙数字底盘解决方案,306.48105524388137
一加,306.48105524388137
红魔,306.48105524388137
红帽,306.48105524388137
iQOO,306.48105524388137
黑鲨,306.48105524388137
realme,306.48105524388137
中国联通,306.48105524388137
魅族,306.48105524388137
孙刚,306.48105524388137
具身智能,307.383743672824
xTrimo_Multimer,307.96883757570237
四川大学华西医院,309.02401797844465
星亢原,309.02401797844465
大利亚健康创新研究所,309.02401797844465
领星生物,309.02401797844465
FF_91,313.4890472013585
包云岗,313.6435609682719
Paige,313.9313720113789
Diveplane,314.84366392355844
认知科学,314.84366392355844
辅助士兵作战,314.84366392355844
虚拟数字人平台,315.4142089336106
超清修复,315.4142089336106
BEE,315.4142089336106
金融云,315.4142089336106
音乐分类,315.4142089336106
音源分离,315.4142089336106
对抗语音攻击,315.4142089336106
图像压缩,315.4142089336106
自动语音识别,315.4142089336106
多源迁移高斯回归模型,315.4142089336106
WMT21,315.4142089336106
AI_技术,315.4142089336106
智能编辑,315.4142089336106
移动端检测场景,315.4142089336106
无监督预训练技术,315.4142089336106
视频压缩,315.4142089336106
飞书,315.4142089336106
AI技术修复,315.4142089336106
SaaS版飞连,315.4142089336106
三维菁彩声,315.4142089336106
_GLAT_模型,315.4142089336106
多语言_Zero_shot_翻译,315.4142089336106
音乐标签,315.4142089336106
音乐结构分析,315.4142089336106
伊利,315.4142089336106
海王集团,315.4142089336106
海豚股票,315.4142089336106
超自然对话语音合成技术,315.4142089336106
Percy_Liang,315.55992081144905
QODA,317.2773805346918
RNA_二级结构端到端预测方法,317.5447046908156
几何相位透镜,317.79460275691406
基于知识图谱的事件表征框架,317.9523340830019
Neuralink,318.6938461663366
彭承志,319.44329335555017
朱晓波,319.44329335555017
中国方案智能网联汽车,320.10323294426877
AWS,320.11803867804565
IBM,320.2007357783662
决策智能平台OpenDILab,322.25788963855746
车路云一体化,322.88647043019364
Neural_Sewing_Machine,323.1394439198405
MIS,329.39428313963714
BreezeML,329.9381682281622
魔方电池,331.1062000948674
智能可穿戴芯片,332.617846031613
物流机器人,339.3370123343112
北京爱的分贝公益基金会,340.077707235222
腾讯公益慈善基金会,340.077707235222
中国耳蜗厂商诺尔康神经电子,340.077707235222
中国聋人协会,340.077707235222
全球头部人工耳蜗厂商美笛乐,340.077707235222
广州地铁集团,340.077707235222
AI驱动虚实融合,340.077707235222
无监督学习,340.077707235222
广告系统,340.077707235222
_3D_视觉技术,340.077707235222
图像理解,340.077707235222
AI消灭宫颈癌,340.077707235222
公益编程,340.077707235222
图像匹配技术,340.077707235222
单语记忆,340.077707235222
单细胞测序数据分析,340.077707235222
实时孪生的数字底座,340.077707235222
智慧港口,340.077707235222
交通OS高速版,340.077707235222
绝悟,340.077707235222
系列轻量化工具,340.077707235222
Max,340.077707235222
神经辐射场建模,340.077707235222
Ollie,340.077707235222
云小微,340.077707235222
图像与视频理解,340.077707235222
深度学习推荐系统,340.077707235222
材料计算,340.077707235222
高性能NMT,340.077707235222
太极机器学习平台,340.077707235222
多模态融合,340.077707235222
视觉内容生成,340.077707235222
机器人灵敏运动,340.077707235222
混元AI大模型,340.077707235222
数字内容产业,340.077707235222
大数据核心技术体系架构,340.077707235222
太极,340.077707235222
AVIF图片压缩技术,340.077707235222
H_266orVVC技术,340.077707235222
对手建模_算法框架,340.077707235222
轮腿式机器人Ollie,340.077707235222
腾讯加速器,340.077707235222
人工智能内核芯片,340.077707235222
腾讯云,340.077707235222
具身人工智能,340.077707235222
腾讯公司,340.077707235222
陈妍,340.077707235222
沙开波,340.077707235222
黄映焜,340.077707235222
施雪松,340.077707235222
汤道生,340.077707235222
仿人服务机器人,340.904945486883
高级辅助驾驶,341.0629142472691
智能驾驶解决方案,342.84069202504685
科沃斯,343.11792271999104
多轴注意力方法,346.53399596682505
预训练卷积模型,346.53399596682505
代码补全,346.53399596682505
语言模型,346.53399596682505
Ref_NeRF__Structured_View_Dependent_Appearance_for_Neural_Radiance_Fields,346.53399596682505
Minerva,346.53399596682505
AI软件变革工业机器人,346.53399596682505
Imagic,346.53399596682505
GLaM,346.53399596682505
MoE,346.53399596682505
机器人导航,346.53399596682505
LocoProp__Enhancing_BackProp_via_Local_Loss_Optimization,346.53399596682505
ActorQ,346.53399596682505
人脑地图,346.53399596682505
GWAS,346.53399596682505
机器证明,346.53399596682505
MoveNet,346.53399596682505
Data_free_NAS,346.53399596682505
神经压缩方法,346.53399596682505
多轴方法,346.53399596682505
Flan_PaLM,346.53399596682505
生成式视频压缩,346.53399596682505
PaLI,346.53399596682505
视频生成,346.53399596682505
无偏梯度方法,346.53399596682505
LocoProp,346.53399596682505
AI视觉检测,346.53399596682505
声纹,346.53399596682505
药物开发,346.53399596682505
计算方法,346.53399596682505
PaLM,346.53399596682505
TensorFlow,346.53399596682505
乳腺癌筛查,346.53399596682505
抗灾生成式AI,346.53399596682505
姿态检测模型,346.53399596682505
AI_芯片设计方法,346.53399596682505
自注意力模型,346.53399596682505
Pathways,346.53399596682505
JAX,346.53399596682505
Soft_Diffusion,346.53399596682505
谷歌云平台,346.53399596682505
TPU,346.53399596682505
TensorStore,346.53399596682505
Cohere,346.53399596682505
多伦多大学,346.53399596682505
_iCAD,346.53399596682505
得克萨斯大学奥斯汀分校,346.53399596682505
以色列魏茨曼科学研究所,346.53399596682505
悉尼科技大学,346.53399596682505
iCAD,346.53399596682505
高等级自动驾驶,349.318701711168
稀疏化,354.99341907707816
在浪,354.99341907707816
Livox_HAP,360.7282455916894
OceanBase_社区版,361.37823919600163
Swin_Transformer,361.5245090899653
CurML,361.5245090899653
中文事实核查数据集,361.5245090899653
衍射图神经网络框架,361.5245090899653
FedPerGNN,361.5245090899653
针对三角网格的卷积神经网络,361.5245090899653
三角网格面片上的卷积神经网络,361.5245090899653
北师港浸大,361.5245090899653
霍华德_休斯医学研究所,361.5245090899653
吴翼,361.5245090899653
丘成桐,361.5245090899653
李涓子,361.5245090899653
壳牌,362.0540438696107
海豹,362.0540438696108
丰田,362.0540438696108
周博磊,363.5310169737794
刀片电池,363.83182164738855
北京航空航天大学,382.0866006137296
DNN,382.4567127532998
TextStyleBrush,382.4567127532998
中国互联网投资基金,383.64556976654836
澜舟科技,384.0605263992369
瑞莱智慧,384.0605263992369
优酷,384.0605263992369
哈工大讯飞联合实验室,384.0605263992369
中国计算机学会,384.0605263992369
飞天智算平台,384.0605263992369
SPACE,384.0605263992369
AI修图,384.0605263992369
机器视觉问答,384.0605263992369
公共云,384.0605263992369
M6,384.0605263992369
全球化,384.0605263992369
全景化,384.0605263992369
一站式实时数仓,384.0605263992369
高性能网络轻量化方法,384.0605263992369
云渲染,384.0605263992369
动态宽度可变网络,384.0605263992369
AliCloudDenoise_算法,384.0605263992369
通义对话模型,384.0605263992369
消费,384.0605263992369
视频云,384.0605263992369
数字商业知识图谱评测基准,384.0605263992369
专有云,384.0605263992369
全栈智能计算解决方案,384.0605263992369
数据中台,384.0605263992369
对抗样本,384.0605263992369
智能客服,384.0605263992369
超大规模智算中心,384.0605263992369
AI视觉系统,384.0605263992369
未来汽车,384.0605263992369
对话式AI,384.0605263992369
Trendyol,384.0605263992369
Lazada,384.0605263992369
Daraz,384.0605263992369
张建锋,384.0605263992369
王刚,384.0605263992369
司罗,384.0605263992369
CMOS_纳米电极阵列,384.7361024748424
Elektrobit,385.1816464556492
五源资本,387.5761253221039
Flamingo,390.2664431421502
EMBL_EBI,390.2664431421502
克里斯托弗___曼宁,391.4835674895488
DP,395.5997764754835
剑桥大学,397.9532513993764
衍射光子计算单元,400.1060291771542
Nuro,400.32301162409516
Zoox,400.32301162409516
云上数据闭环,400.32301162409516
高精地图系统,400.32301162409516
热成像技术,400.32301162409516
AV,400.32301162409516
Crunchbas,400.32301162409516
驭势科技,400.32301162409516
赢彻科技,400.32301162409516
深圳佑驾创新科技有限公司,400.32301162409516
滴滴出行,400.32301162409516
密歇根理工大学,400.32301162409516
亮风台,400.49466646288556
OPD,401.5610291771542
中文开放域对话,401.5610291771542
auto_regressive_latent_diffusion_model,406.8502277069251
联汇科技,407.57139166910304
俞士纶,409.2146721513696
StyleGAN,410.46078326248073
海尔,411.0250503380853
窄带滤波网络,411.1557832624807
Ryzen_9_7950X,412.4039518302063
纯视觉自动辅助驾驶,413.6038805736697
危险增强定位协议,413.6038805736698
中国探月,413.8155399416909
马里兰大学,413.8155399416909
风格迁移,413.8155399416909
机器翻译,413.8155399416909
安全态势感知系统,413.8155399416909
视频描述生成,413.8155399416909
自动驾驶无人化,413.8155399416909
语言与视觉一体的统一模态预训练方法,413.8155399416909
三维目标检测,413.8155399416909
语言理解,413.8155399416909
量子信息,413.8155399416909
城视引擎,413.8155399416909
汽车机器人,413.8155399416909
三维物体检测,413.8155399416909
文心_一格,413.8155399416909
视觉,413.8155399416909
AI作画,413.8155399416909
语言与视觉一体的预训练模型,413.8155399416909
深度神经网络,413.8155399416909
智能电动车,413.8155399416909
量子计算产业化,413.8155399416909
AI辅助医疗诊断,413.8155399416909
CUBING,413.8155399416909
人机对话,413.8155399416909
智能云,413.8155399416909
自动化驾驶,413.8155399416909
数字人希加加,413.8155399416909
人机交互,413.8155399416909
无人挖掘作业系统,413.8155399416909
AI技术,413.8155399416909
医学放射报告摘要,413.8155399416909
跨模态预训练,413.8155399416909
城市视觉感知算法引擎,413.8155399416909
多语言预训练,413.8155399416909
无人挖掘机作业系统,413.8155399416909
自主挖掘机系统,413.8155399416909
ROBO_01探月限定版,413.8155399416909
BERT_模型训练,413.8155399416909
安全,413.8155399416909
王海峰,413.8155399416909
任旭阳,413.8155399416909
李彦宏,413.8155399416909
FSD,414.826102795892
全自动驾驶,414.826102795892
FSD_Beta_10_12_2,414.826102795892
Model_3,414.826102795892
RX_7900_XT,415.12617405242855
RX_7900_XTX,415.12617405242855
Model_Y,415.3816583514475
语音识别,419.42081117267685
功能材料数据库,420.88331895317776
_3D_打印错误检测和纠正,421.8759003663707
蔡司,423.5347366983117
任博冰,425.26987631922356
CHAOS,425.39439792742195
鞋子,430.8494497915394
碳硅智慧,430.8494497915394
联邦推荐系统,432.4011503274386
杨睿刚,433.6806835928301
大金空调,433.71588966362685
马栏山视频文化产业园,433.71588966362685
深圳湾,433.71588966362685
太平洋保险财险,433.71588966362685
梦饷集团,433.71588966362685
国家电网上海电力公司,433.71588966362685
声纹识别,433.71588966362685
昇思MindSpore,433.71588966362685
多目标博弈智能驾驶,433.71588966362685
天筹,433.71588966362685
商用AI求解器,433.71588966362685
鸿蒙系统,433.71588966362685
人工智能分子模拟,433.71588966362685
全屋智能,433.71588966362685
蛋白质结构预测模型,433.71588966362685
高效加法网络,433.71588966362685
ViG,433.71588966362685
DevCloud,433.71588966362685
三维视觉数字人,433.71588966362685
王紫东,433.71588966362685
广汽,433.71588966362685
闫长江,433.71588966362685
邓泰华,433.71588966362685
张平安,433.71588966362685
黄之鹏,433.71588966362685
王成录,433.71588966362685
高精地图,433.87947477297496
自动驾驶卡车,433.89235025949677
隐语,435.31303053478325
惠普,435.3188010598034
芯片架构,436.50447477297496
区块链存储,438.3130305347833
绿色计算,439.17303053478327
HCFlow,442.00224419086237
传统汽车制造,444.30235025949685
轻车_熟路,446.03712066766013
隐私保护,447.32213389835096
DeepDebug,447.32213389835096
隐私计算联盟,447.5769194236722
隐语开源社区,447.5769194236722
AUTOSAR,450.58529888932793
鹏程_神农平台,450.58529888932793
城市_NOH_导航辅助,451.91214050892995
李斌,454.10784597630203
秦力洪,454.10784597630203
天元MegEngine,454.190116912837
稠密检索,454.3736322226612
车路协同,455.90862860416803
神经网络,457.36509940987116
RCareWorld,457.6471298373824
纯电皮卡,461.67221520728845
AIGC,462.6121659992152
慕尼黑大学,465.0304095016032
征程系列芯片,465.73790014611825
芭蕾猫,470.2619655559946
多头高效注意力模块,471.17804943123065
No_Language_Left_behind,471.1780494312307
Yann_LeCun,471.1780494312307
无忧电池,471.4841877782168
闪电猫,471.4841877782168
上海科技大学,472.38200811907456
_5G,472.4109615247524
神经定理证明器,473.3308272090085
医疗AI,475.14019363433357
医疗诊断,475.6499746975487
自监督学习,476.7258930648957
搜狗,477.82930884244024
自动配送车,480.0598349286257
中科大中科院量子信息与量子科技创新研究院,480.6649400333253
人脸识别,482.9556524830537
高性能视频传输方法,483.0381415449086
_Bagua,486.29802959776936
实时数仓场景化,486.29802959776936
基于因果消偏的观看时长预估模型,486.29802959776936
Akamai,486.29802959776936
蒋京芳,488.682157132133
IDEA研究院,493.43253213900914
数字人技术,495.01039135040185
大数据技术,498.312614424632
DevOps,499.227718888583
淄博市,500.2169004806259
单目实时场景_3D_重建系统,501.4391227028481
NeuralRecon,501.4391227028481
美国,505.32054053907575
斯坦福大学,506.17528013428785
对话技术,508.7963873090971
高效NLP_建模与训练,508.7963873090971
骁龙_8_Gen2,511.3248255923231
智能芯片,512.3387236962067
宏景域驰,513.5110380375702
王鑫龙,515.0672857423099
AGVM,515.4879123219653
扫地机器人,524.1768840799866
崔斌,525.0047941452949
DLB,525.509225677167
非夕科技,525.509225677167
瞰点科技,527.6620034549447
物理感知的电子传输信息学,529.6459052434739
组合优化,529.6459052434739
太阳能电池设计,529.6459052434739
合金断裂强度预测,529.6459052434739
Neuronika,529.6459052434739
分子晶体特性预测,529.6459052434739
Graphcore,529.8807962900644
星猿哲科技,530.7881656364873
癌症诊断技术,531.7986830212517
黄山2S,531.8365405119494
多智能体并行训练框架,531.9675590105003
王宇光,534.335336788278
速腾聚创,534.4628617666039
_RNA_结构预测,536.1085211416851
Lucid_Motors,537.0291980512538
黄仁勋,538.2320940652587
Fleet_Command,538.2320940652588
浪潮,539.7401286156172
量子混合编程平台,540.0098718430365
Orin芯片,540.3848718430365
VISION_EQXX,540.5160727227022
长江,542.9645631022541
芯片设计,543.0391296233977
AI_芯片,550.2904273985921
激光雷达,553.8623249257049
Tom_tomhamer,554.896966005067
应急科技,561.3677806299787
SuperFin,562.2740607002972
ViTGAN,562.4946575579271
硬件解码器,562.5672458172666
_Loihi,563.4962829225194
神经形态芯片,563.4962829225194
Automation_Anywhere,564.7002031041134
小冰,565.6111003163708
Hinton,573.0740945005052
OPPO_Reno9,580.835872306644
AlphaFold2,594.4829980465586
脑机接口,597.7899278216512
东浩兰生,599.4443332047204
高榕资本,603.8997784971393
自动驾驶汽车,608.5896003756718
NeuralHash_算法,608.5896003756718
MacBook_Air,608.5896003756718
M2笔记本,608.5896003756718
OCR,609.514987552538
Derrick_Carty,612.8951559312274
江俊,612.9678415603878
邱锡鹏,616.0126793556257
序列推荐,619.357352179585
中国电信,622.6579548440238
TSC,623.2412957766186
赵天成,624.0661748937209
RDNA_3,624.1892610786429
灵明光子,627.7205758737875
主动导航,632.1061956449989
湖仓一体分析服务,632.1061956449989
云原生数据仓库,632.1061956449989
大数据研发治理套件,632.1061956449989
GLAT,632.1061956449989
智能图像编码,632.1061956449989
Uni_Mol,632.1061956449989
GAN压缩,634.8284178672212
轻量级_GAN,634.8284178672212
推理和训练引擎,635.1061956449989
自然语言处理,635.7328690928952
AR,640.6128623116657
李飞飞,641.3944901489753
MALib,643.0846681660039
iPhone,645.4588498002277
徐国庆,647.4111857591782
微云,647.8343172050533
伦敦大学,648.076653572014
扶摇,648.668723577352
LeCun,656.1621891087187
场景检测算法,656.5243189128246
LETUS,656.7195458021749
抽象代数,657.7150379257557
范畴论,657.7150379257557
王劲,660.5260253892452
吉姆___凯勒,666.9350437424274
嬴彻科技,667.1385249600735
中国信通院,670.0643878848579
异构融合计算平台,672.184671131815
香港大学,681.4331922482219
招商港口,681.4331922482219
高效预训练方法,681.4331922482219
GSCU,681.4331922482219
姚建华,681.4331922482219
穗腾OS_2_0,682.655414470444
轨道交通操作系统,682.655414470444
_DeepMind,682.7154473779717
亿通科技,683.420385940777
数据库,683.5859700259996
INDEMIND,688.3873614227405
数字政府,689.6423018989308
TTTech_Auto,691.9568464740382
Imagen_Video,694.3457697114278
Kittyhawk,694.3457697114278
LIMoE,694.3457697114279
As_ViT,694.3457697114279
Visual_Inspection_AI,694.3457697114279
Lumen,694.3457697114279
加利福尼亚大学伯克利分校,694.3457697114279
Augustus_Odena,694.3457697114279
M1,696.5000676762668
文本到图像模型,697.0679919336501
鉴智机器人,697.8568502191773
宋乐,701.047013276716
以色列理工学院,702.28299193365
蛋白质折叠方法,708.6837408135127
印度理工学院,708.6837408135128
FedCG,708.9132451411172
创业黑马,709.1694487623166
中汽中心,710.5387816673252
软硬件协同异构计算平台,712.1540217566956
ETH,718.3712408135127
HorNet,724.3267959577083
杨植麟,724.3267959577084
温江涛,724.3267959577084
考切尔___比尔卡尔,726.4795737354862
黄民烈,727.3267959577084
自监督学习方法,730.882351513264
黄文炳,731.3406848465972
麻省理工大学,735.0431344941876
Rainbow,736.1831021629268
云天励飞,741.7016441419469
神舟,743.5934026264524
GAIA,744.7713578453843
美图,745.4641132012905
智能座舱,748.6779014248119
文本层次分类,762.3731568938424
关键词抽取,762.3731568938424
错别字纠错,762.3731568938424
群学习,762.5916794732005
玻色量子,765.8283143766665
深度语言模型,769.3988305762515
Tempura,769.3988305762515
云梯1,769.3988305762515
Fangorn,769.3988305762515
滑铁卢大学,769.3988305762516
自回归潜在扩散模型,771.5516083540293
数据挖掘,772.0688305762516
云数据中心专用处理器,772.3988305762515
中国科学技术大学,773.704386131807
视觉问答等场景,775.954386131807
图像及视频内容理解,775.954386131807
遥感影像分析,775.954386131807
智能计算平台,776.7882920274986
迁移学习,778.7052935338655
思必驰,790.180505182417
AlphaFold,791.6439973954115
FewNLU,794.2868072955769
HiAR_H100,796.0694038495944
Cerebrus,796.3855245318775
纵目科技,801.9238010259681
轻舟智航,801.9238010259681
vivo,804.1024141879734
图森未来,804.5938010259681
中文语言理解,806.2995209264657
NVIDIA_Quantum_Optimized_Device_Architecture,811.9314744312217
遥感分析,812.2566833094863
图注意自动编码器框架,813.5720583543084
多模态,821.9558296770847
征程5,825.3365788037459
ROBO_01,828.9088576611596
平板,830.1310798833817
全域免唤醒交互技术,830.1310798833817
图学习框架,831.6310798833817
登临科技,831.6596567987784
飞桨平台,831.9088576611596
文档智能,833.6866354389373
PillPack,834.2621156742673
朱江,836.4783021056039
ERNIE_3_0,839.3494132167151
生物计算,840.569027414246
极狐,842.6749631033364
transformer,842.6821607045463
北京市,845.0649687722705
无人化出行服务商业化,845.0649687722707
智能重卡,845.0649687722707
百度大脑,845.1194075477808
CoBERL,847.3572334443061
Runway,851.9361646761263
算法蒸馏,852.3951573546109
GAN,857.4474696618811
Stability_AI,858.4986646761263
智能网联,860.8216354389374
Bengio,861.5278084174244
石头科技,867.3781401333108
路特斯,868.5645051015053
香港中文大学深圳,868.7095571050314
Mate_50,868.7095571050314
Pocket_S,868.7095571050315
鸿蒙,868.7095571050315
V,868.7095571050315
WATCH_GT_Cyber,868.7095571050315
MateStation_X,868.7095571050315
AITO问界,868.7095571050315
宁德时代,869.9317793272537
建模系统,869.9317793272537
Grassland,869.9317793272537
长安汽车,869.9317793272537
掩码自编码预训练模型,870.4873348828093
禾多科技,870.8623348828093
昇思,870.8623348828094
黑芝麻智能,871.0089495459499
P50,873.070963000723
谢炎,877.3206682161426
RPA,879.7266773608567
郑戈,882.0524845852892
大陆集团,883.3055583414316
汽车,888.461615446011
BeyonCa,894.7870898642511
数智生态,899.9404391356438
Keen_Technologies,906.8745834123192
YOLOX,909.1857893812296
数据治理,910.2430911418548
P5,912.5766667152343
时空智能,916.7922828792832
Robotaxi,920.8325000485677
多模态短视频百科,923.1189359602315
GitHub,923.5331566855907
苏菁,931.3680720406576
_3D芯片,933.1386560747038
目标检测,933.5991821474071
瀚博半导体,950.0029840289853
攻击语音识别系统,950.0759601341651
李磊,950.0759601341651
LightSeq,951.9092934674984
在线多粒度蒸馏算法,953.7426268008319
李航,957.0967934674984
仿生纳流离子学,959.2875011244167
马普所,971.1873942009283
AI_智能体,978.3438582145851
新加坡国立大学,983.4106341448398
大模型,990.93381605577
苹芯科技,996.1025081442858
药物研发,1003.9435872127744
ARgo增强实景导航,1005.544912072363
之江实验室,1009.9688447052115
大规模语言模型,1014.4638829553298
三星,1024.831350568554
香港中文大学,1027.295621705666
智能影像,1037.1459591785465
潘建伟,1037.8821969466667
Apollo_Moon,1040.4315732675552
scBERT,1049.9677098128034
上海人工智能实验室,1060.4351180210006
Imagen,1064.071050258918
数据湖,1081.4573660425033
可信AI,1085.876226545197
超轻薄VR眼镜,1085.8808547971842
刘知远,1090.2401939365625
衍射图神经网络,1091.636027269896
第三代人工智能,1092.5213520565103
聆心智能,1093.7401939365627
联想,1099.0674010979367
丽豪半导体,1102.2817037747232
张钹,1107.7818606032292
壁仞科技,1127.4888960066003
_3D_Foveros_芯片,1129.6592325117056
此芯科技,1137.433123336561
理想,1139.9257472233198
iRobot,1142.043932010134
对抗攻防基准平台,1156.014912531044
AliceMind,1156.014912531044
MaxCompute,1156.014912531044
CIPU,1157.8482458643773
上海,1161.9107458643773
苏黎世联邦理工,1165.0692134823453
浙江大学,1167.2540791977106
周伯文,1183.937484260176
Walker_X,1184.4173092040903
Trition推理服务器,1195.0286107707348
剑桥,1196.5760442766984
数字人,1197.2255417479068
西湖大学,1202.6748572589352
嬴彻,1208.0315348722856
TorchDrug,1208.411487598611
元戎启行,1210.1357015389522
AutoX,1210.6982015389522
云计算,1212.4013921228807
禾多,1216.2279124233057
DiffusionDet,1223.1734953933305
AGI,1229.5807534539128
Colossal_AI,1232.4766107597304
材料虚拟筛选云平台,1240.5874487983342
材料计算方法,1240.5874487983342
奔驰,1242.2019987533033
GPU,1245.8321408744405
文心大模型,1247.1132864917392
夏一平,1250.9049531584058
AI医疗,1256.2382864917392
半导体,1256.710430321827
联邦学习,1257.4665238432603
图机器学习,1268.911890863455
PGL,1271.4291113216711
思岚,1276.6348188156026
智慧交通,1290.0763715194166
X_volution,1304.9810023242137
_3D实景地图,1304.981002324214
RetroMAE,1307.6476689908804
星药科技,1308.5961044419255
刘群,1312.001835657547
中山大学,1314.1157670008872
郝建业,1315.8976689908804
段润尧,1323.1687687162525
谢涛,1327.477263141015
永久科技馆,1337.630206262431
鲲鹏,1343.0426689908804
自动驾驶系统,1344.5967506829713
AI芯片,1346.181540335422
预训练对话模型,1352.1765895907567
PaddleRobotics,1360.1553456247939
安谋科技,1360.942731095268
Hugging_Face,1367.597863481802
大数据,1370.7701527518436
PAI_EAS云原生弹性推理服务平台,1388.301453536335
第四范式,1395.9517623910779
华玉,1402.0909215867403
小红书,1406.4688731183392
百分点,1406.684376720608
极智嘉,1422.472651750743
GNN,1425.6794401516886
药物发现平台,1438.1075087701824
QuanTaichi,1474.2274221266416
中国科学院,1474.7369252487501
DirectX_12_capable_GPU,1478.5349453130088
马斯克,1493.4383042300663
哈佛,1524.3204518828504
推荐系统,1542.395733176186
OpenBG_Benchmark,1543.9087722636143
基于频_时调制谱的改进型窄带滤波网络,1548.2143278191697
物联网,1559.706379129921
复旦大学,1566.1972053776908
创新工场,1574.7327508829526
Apollo,1575.480693234666
Arm,1580.242124291969
ADVANCE_AI,1585.2435238935964
金山,1612.6805987235284
福特,1629.7364909408252
高阶自动驾驶智能化架构,1662.9288264334305
ERNIE_Layout,1665.3732708778746
千寻位置,1687.8921639711007
知识图谱,1726.9046937803691
中科院,1735.5987731849577
飞桨,1765.8208313465063
MoBY,1823.4558787831597
OpenAI,1839.0663133711814
GPT_3,1860.9080145967905
卡内基梅隆大学,1879.4603783058076
博世,1921.3249525082454
智谱AI,1931.3877657128455
Hologres,1933.080409773962
追一科技,1950.3178678950921
氪信科技,1963.7330786477578
科大讯飞,1985.5672201155658
美团,1996.3663978256513
天翼,2030.9900581204756
厦门大学,2038.2313569484888
通用,2039.670613676031
长城,2050.5399205815083
元宇宙,2055.945598816967
脑机接口实用系统,2059.632910077999
视觉算法,2081.824853431054
华米,2095.0663955328473
安全生产智能决策方案,2124.162848308898
时空数智中台,2128.0957552640098
辅助驾驶,2146.899872260699
MEGA_Protein,2181.3572260959118
昇腾,2212.8752816514675
Facebook,2286.320324110783
深势科技,2396.386627306599
智能汽车,2430.641255302707
医渡科技,2447.680531958662
Adobe,2498.6706647152882
宏景智驾,2532.0550570021887
燧原科技,2533.2847063868453
觉非科技,2540.742491513278
Stable_Diffusion,2553.985562674361
NLP,2683.7922834899036
魔搭社区,2721.4062829230097
隐私计算,2725.764024344817
大众,2728.9123050824683
荣耀,2732.2172130032004
北大,2761.5317274363933
刘学,2797.7512938730742
斯坦福,2852.3599406122503
上汽集团,2875.8850427326133
影谱科技,3198.2201408449055
量子计算,3304.1648860089294
京东,3336.5942907361814
蔚来,3340.3481179360715
北邮,3360.7544716930065
智能交通,3378.0087639779713
扩散模型,3463.990887323978
蘑菇车联,3603.5181421477155
墨芯,3609.186336524226
OPPO,3799.9423040747006
Prophesee,3853.2058000127045
机器人,4041.6098594752175
小米,4066.498592379981
毫末,4113.230286308978
比亚迪,4210.4553187304155
Transformer,4294.350423196224
智能驾驶,4336.124142506862
欧拉,4460.925563302935
图神经网络,4494.679065642658
AI,4596.438091537396
微众银行,4688.482097899557
机器之心,4772.735006210905
优必选,4798.614510666018
微软,4901.993404242093
强化学习,4921.533739282708
旷视,5100.2740479872
地平线,5135.313418400706
AMD,5222.511197484419
小马智行,5392.921925294692
芯片,5430.596391635939
芯驰科技,5537.337911499775
计算机视觉,6087.667155580141
思谋,6214.711711304014
DeepMind,7055.541678560664
网易,7649.851494679448
深度学习,7929.818160587409
Meta,8062.014301614605
商汤科技,8260.051770792339
蚂蚁集团,8389.854092352145
人工智能,8506.43151482356
上海交通大学,8737.501498724656
特斯拉,8977.902728486548
小鹏,9036.299414548372
亚马逊,9263.64609524231
快手,11178.336921713248
机器学习,12757.108911229318
苹果,13861.706650168275
英特尔,14431.873595419594
英伟达,17850.353527942356
高通,18792.59733458807
清华,29805.511295911114
字节跳动,31751.3521702648
自动驾驶,38170.42516495027
谷歌,45059.77565744931
腾讯,46089.073651212166
阿里巴巴,53658.068825255265
华为,65513.48076695131
百度,68498.34315231809
